owner,horse,url
A,ジャンゴッド,https://db.netkeiba.com/horse/2024106624/
A,レジューノワール,https://db.netkeiba.com/horse/2024106164/
A,チェスティーノ,https://db.netkeiba.com/horse/2024106452/
A,ソブリオ,https://db.netkeiba.com/horse/2024106496/
A,オールシティキング,https://db.netkeiba.com/horse/2024106425/
A,ライデン,https://db.netkeiba.com/horse/2024100641/
A,サトノアニマ,https://db.netkeiba.com/horse/2024103912/
A,ロードデルフィロ,https://db.netkeiba.com/horse/2024105298/
A,アイアムスグレモノ,https://db.netkeiba.com/horse/2024101772/
A,デミアン,https://db.netkeiba.com/horse/2024108228/
B,ノヴァヴェローチェ,https://db.netkeiba.com/horse/2024106455/
B,ダノンイグナイト,https://db.netkeiba.com/horse/2024106874/
B,コスモイェーガー,https://db.netkeiba.com/horse/2024103568/
B,ウインマシェリ,https://db.netkeiba.com/horse/2024103069/
B,リリークラウド,https://db.netkeiba.com/horse/2024103491/
B,ハナナ,https://db.netkeiba.com/horse/2024108206/
B,スターズアラインドの2024,https://db.netkeiba.com/horse/2024102480/
B,シャムロックテイル,https://db.netkeiba.com/horse/2024103355/
B,ゴートゥーセカンド,https://db.netkeiba.com/horse/2024101862/
B,フライトコール,https://db.netkeiba.com/horse/2024110010/